Node A,Node B,Direction,Day,Date,Path Length,12:00-3:00 AM,One-Way,3:00-6:00 AM,One-Way,6:00-9:00 AM,One-Way,9:00-12:00 PM,One-Way,12:00-3:00 PM,One-Way,3:00-6:00 PM,One-Way,6:00-9:00 PM,One-Way,9:00-12:00 AM,One-Way
1,2,1,Mon,3/7/2016,300,3810,0,7584,0,6320,0,13776,0,14718,0,14286,0,11208,0,7344,0
1,2,0,Mon,3/7/2016,300,4548,0,4350,0,3625,0,9042,0,8982,0,10836,0,8760,0,5058,0
1,3,1,Mon,3/7/2016,350,2550,0,14454,0,12045,0,14082,0,14586,0,14460,0,12288,0,5748,0
1,3,0,Mon,3/7/2016,350,2658,0,13290,0,3596,0,14172,0,15096,0,15474,0,12390,0,5958,0
1,4,1,Mon,3/7/2016,400,2694,0,13548,0,11290,0,14322,0,13428,0,14580,0,624,1,5412,0
1,4,0,Mon,3/7/2016,400,2646,0,13272,0,11060,0,131,1,13176,0,14124,0,11896,0,5742,0
1,6,1,Mon,3/7/2016,400,2826,0,12162,0,13658,0,13404,0,13116,0,900,1,11664,0,5598,0
1,6,0,Mon,3/7/2016,400,2472,0,8706,0,722,1,13230,0,13938,0,14052,0,10650,0,7200,0
2,3,1,Mon,3/7/2016,320,3750,0,5790,0,4825,0,8102,0,1362,1,12354,0,10266,0,6642,0
2,3,0,Mon,3/7/2016,320,3828,0,3132,0,2610,0,210,0,14521,0,9930,0,8250,0,4638,0
2,4,1,Mon,3/7/2016,380,2154,0,9954,0,8295,0,8125,0,11676,0,13200,0,12114,0,6282,0
2,4,0,Mon,3/7/2016,380,2100,0,9174,0,7645,0,7545,0,10944,0,13536,0,12486,0,6456,0
2,5,1,Mon,3/7/2016,370,2226,0,9978,0,8315,0,5645,0,10956,0,13422,0,11112,0,6186,0
2,5,0,Mon,3/7/2016,370,2424,0,9228,0,7690,0,7000,0,10380,0,800,1,11520,0,6522,0
3,5,1,Mon,3/7/2016,500,2406,0,3546,0,2955,0,3768,0,3798,0,5340,0,600,1,3294,0
3,5,0,Mon,3/7/2016,500,1830,0,5286,0,4405,0,9762,0,12630,0,12192,0,15160,0,7200,0
4,5,1,Mon,3/7/2016,460,3048,0,4482,0,14698,0,8956,0,734,1,7380,0,6948,0,4458,0
4,5,0,Mon,3/7/2016,460,3288,0,1938,0,500,1,6381,0,13500,0,7248,0,6972,0,3642,0
4,6,1,Mon,3/7/2016,430,1686,0,7020,0,5850,0,7476,0,7842,0,10422,0,7044,0,552,1
4,6,0,Mon,3/7/2016,430,1788,0,6438,0,5365,0,7092,0,7734,0,9528,0,7332,0,13254,0
1,2,1,Mon,3/14/2016,300,2016,0,6540,0,5450,0,7542,0,7500,0,9780,0,6276,0,3642,0
1,2,0,Mon,3/14/2016,300,2070,0,6408,0,5340,0,6984,0,7044,0,8844,0,7812,0,3810,0
1,3,1,Mon,3/14/2016,350,2208,0,6114,0,9867,0,6528,0,6720,0,8718,0,6348,0,4602,0
1,3,0,Mon,3/14/2016,350,3132,0,3396,0,4089,0,7020,0,7770,0,8352,0,6612,0,4878,0
1,4,1,Mon,3/14/2016,400,3138,0,5184,0,4320,0,12655,0,7302,0,7434,0,1200,1,4680,0
1,4,0,Mon,3/14/2016,400,3282,0,2790,0,2325,0,321,1,5844,0,6558,0,15423,0,2946,0
1,6,1,Mon,3/14/2016,400,1542,0,7446,0,14398,0,7074,0,6864,0,747,1,6096,0,3324,0
1,6,0,Mon,3/14/2016,400,1596,0,7782,0,687,1,7644,0,6558,0,14295,0,5958,0,3480,0
2,3,1,Mon,3/14/2016,320,1650,0,6870,0,5725,0,8152,0,2647,1,6990,0,5568,0,3270,0
2,3,0,Mon,3/14/2016,320,1836,0,7158,0,5965,0,315,0,11265,0,6582,0,6624,0,3564,0
2,4,1,Mon,3/14/2016,380,1932,0,6300,0,5250,0,7176,0,6816,0,6762,0,7056,0,3636,0
2,4,0,Mon,3/14/2016,380,1656,0,4800,0,4000,0,6330,0,7932,0,7866,0,6990,0,5142,0
2,5,1,Mon,3/14/2016,370,10872,0,16128,0,13440,0,21432,0,23610,0,24576,0,23784,0,20406,0
2,5,0,Mon,3/14/2016,370,12444,0,11550,0,9625,0,19716,0,21474,0,900,1,22128,0,15582,0
3,5,1,Mon,3/14/2016,500,5418,0,15728,0,11440,0,3968,0,10694,0,12224,0,1448,1,13776,0
3,5,0,Mon,3/14/2016,500,5148,0,15128,0,10940,0,2459,0,10796,0,12124,0,14897,0,14172,0
4,5,1,Mon,3/14/2016,460,5400,0,25146,0,13028,0,3659,0,402,1,21978,0,18612,0,12360,0
4,5,0,Mon,3/14/2016,460,4308,0,25152,0,368,1,8956,0,19620,0,21804,0,19146,0,12756,0
4,6,1,Mon,3/14/2016,430,5610,0,20724,0,17270,0,9686,0,17676,0,21210,0,20172,0,596,1
4,6,0,Mon,3/14/2016,430,9180,0,15696,0,13080,0,11258,0,21210,0,20958,0,22842,0,21618,0
1,2,1,Mon,3/21/2016,300,2286,0,2838,0,2365,0,3678,0,3918,0,4284,0,3498,0,3354,0
1,2,0,Mon,3/21/2016,300,1884,0,1614,0,1345,0,3096,0,3420,0,3750,0,3354,0,1932,0
1,3,1,Mon,3/21/2016,350,708,0,9870,0,8225,0,5286,0,3546,0,4764,0,3738,0,1734,0
1,3,0,Mon,3/21/2016,350,708,0,9816,0,2103,0,6006,0,3570,0,4626,0,3882,0,1848,0
1,4,1,Mon,3/21/2016,400,780,0,9756,0,8130,0,13598,0,3642,0,4410,0,836,1,1974,0
1,4,0,Mon,3/21/2016,400,834,0,10026,0,8355,0,426,1,3420,0,4968,0,13672,0,2148,0
1,6,1,Mon,3/21/2016,400,1128,0,8400,0,13256,0,5526,0,3276,0,892,1,3600,0,2472,0
1,6,0,Mon,3/21/2016,400,1536,0,2556,0,325,1,3468,0,3720,0,15932,0,4254,0,3852,0
2,3,1,Mon,3/21/2016,320,5172,0,5556,0,4630,0,10920,0,2549,1,15150,0,14154,0,9774,0
2,3,0,Mon,3/21/2016,320,5814,0,3462,0,2885,0,7458,0,11760,0,12678,0,11130,0,7020,0
2,4,1,Mon,3/21/2016,380,2838,0,9000,0,7500,0,10698,0,13110,0,17910,0,15378,0,6768,0
2,4,0,Mon,3/21/2016,380,2376,0,9084,0,7570,0,10452,0,12552,0,18210,0,16320,0,7410,0
2,5,1,Mon,3/21/2016,370,2622,0,9054,0,7545,0,10026,0,12642,0,17682,0,14100,0,5640,0
2,5,0,Mon,3/21/2016,370,2298,0,9270,0,7725,0,9924,0,11946,0,2005,1,14592,0,7098,0
3,5,1,Mon,3/21/2016,500,2622,0,8352,0,6960,0,8400,0,11304,0,16896,0,1414,1,8496,0
3,5,0,Mon,3/21/2016,500,4410,0,5280,0,4400,0,9226,0,14298,0,16674,0,16532,0,10098,0
4,5,1,Mon,3/21/2016,460,3978,0,6396,0,13050,0,5984,0,521,1,16752,0,14058,0,8646,0
4,5,0,Mon,3/21/2016,460,3996,0,7458,0,632,1,3564,0,15204,0,16416,0,12900,0,6570,0
4,6,1,Mon,3/21/2016,430,2244,0,10938,0,9115,0,11472,0,13332,0,16236,0,13662,0,348,1
4,6,0,Mon,3/21/2016,430,1974,0,10824,0,9020,0,11880,0,13764,0,17214,0,14502,0,13652,0
1,2,1,Mon,3/28/2016,300,2166,0,10758,0,8965,0,11760,0,13134,0,15738,0,12642,0,5952,0
1,2,0,Mon,3/28/2016,300,1986,0,10920,0,9100,0,11400,0,12888,0,15396,0,12858,0,6612,0
1,3,1,Mon,3/28/2016,350,2190,0,10374,0,8645,0,9924,0,10896,0,15360,0,13236,0,8148,0
1,3,0,Mon,3/28/2016,350,3480,0,5970,0,1500,0,12900,0,16842,0,17562,0,15228,0,9324,0
1,4,1,Mon,3/28/2016,400,5688,0,7854,0,6545,0,14640,0,18096,0,18216,0,750,1,12516,0
1,4,0,Mon,3/28/2016,400,5664,0,7098,0,5915,0,134,1,16464,0,17058,0,13704,0,7866,0
1,6,1,Mon,3/28/2016,400,2796,0,12906,0,15621,0,13068,0,15720,0,822,1,14484,0,7626,0
1,6,0,Mon,3/28/2016,400,2826,0,13506,0,552,1,13542,0,14400,0,17748,0,15432,0,8952,0
2,3,1,Mon,3/28/2016,320,2940,0,12576,0,10480,0,9218,0,2974,1,16524,0,13656,0,7296,0
2,3,0,Mon,3/28/2016,320,3072,0,12012,0,10010,0,627,0,13272,0,16458,0,13704,0,8112,0
2,4,1,Mon,3/28/2016,380,3288,0,11688,0,9740,0,8568,0,11058,0,15546,0,13374,0,8280,0
2,4,0,Mon,3/28/2016,380,3654,0,7548,0,6290,0,7112,0,14201,0,18474,0,16410,0,11616,0
2,5,1,Mon,3/28/2016,370,4272,0,4614,0,3845,0,9582,0,10830,0,10806,0,8532,0,4824,0
2,5,0,Mon,3/28/2016,370,2364,0,15396,0,12830,0,10974,0,14526,0,1598,1,11520,0,5550,0
3,5,1,Mon,3/28/2016,500,3780,0,4062,0,3385,0,7740,0,10710,0,9504,0,788,1,3912,0
3,5,0,Mon,3/28/2016,500,1944,0,9066,0,7555,0,9354,0,10548,0,12558,0,16259,0,4314,0
4,5,1,Mon,3/28/2016,460,4080,0,2574,0,15987,0,9857,0,553,1,6930,0,5268,0,3150,0
4,5,0,Mon,3/28/2016,460,1140,0,5754,0,412,1,7231,0,14395,0,10584,0,7176,0,3816,0
4,6,1,Mon,3/28/2016,430,3516,0,3120,0,2600,0,4782,0,6228,0,6210,0,5220,0,296,1
4,6,0,Mon,3/28/2016,430,1182,0,6744,0,5620,0,7080,0,6678,0,7650,0,6966,0,14625,0
1,2,1,Tue,3/8/2016,300,1350,,618,,2574,,6000,,7128,,6696,,5742,,3318,
1,2,0,Tue,3/8/2016,300,1428,,528,,1392,,4824,,6192,,5142,,4014,,2088,
1,3,1,Tue,3/8/2016,350,450,,936,,6474,,5112,,6348,,7878,,6042,,2346,
1,3,0,Tue,3/8/2016,350,516,,930,,6534,,4740,,6510,,8376,,7050,,2796,
1,4,1,Tue,3/8/2016,400,510,,858,,6342,,5040,,6246,,6864,,5850,,2310,
1,4,0,Tue,3/8/2016,400,438,,918,,6078,,4506,,4248,,7170,,5820,,2988,
1,6,1,Tue,3/8/2016,400,486,,822,,5688,,4848,,6756,,8784,,7650,,4032,
1,6,0,Tue,3/8/2016,400,1374,,630,,2640,,6120,,7272,,6828,,5862,,3396,
2,3,1,Tue,3/8/2016,320,1494,,570,,1512,,4830,,6318,,5244,,4086,,2118,
2,3,0,Tue,3/8/2016,320,498,,990,,6606,,5208,,6390,,8094,,6156,,2400,
2,4,1,Tue,3/8/2016,380,570,,984,,6660,,4830,,6654,,8544,,7194,,2970,
2,4,0,Tue,3/8/2016,380,570,,894,,6468,,5142,,6234,,7008,,5964,,2370,
2,5,1,Tue,3/8/2016,370,504,,954,,6216,,4590,,4326,,7176,,5970,,2688,
2,5,0,Tue,3/8/2016,370,1698,,570,,2124,,5844,,6996,,6534,,5016,,3264,
3,5,1,Tue,3/8/2016,500,1722,,654,,1236,,4494,,5838,,5400,,4314,,1968,
3,5,0,Tue,3/8/2016,500,612,,612,,6144,,4482,,5946,,7590,,5994,,2430,
4,5,1,Tue,3/8/2016,460,600,,648,,6318,,4416,,5400,,8370,,6732,,2754,
4,5,0,Tue,3/8/2016,460,672,,564,,6162,,4380,,5328,,7542,,5910,,2352,
4,6,1,Tue,3/8/2016,430,522,,720,,6072,,3948,,5172,,7176,,6114,,2916,
4,6,0,Tue,3/8/2016,430,810,,594,,5940,,3600,,5136,,6648,,6414,,3336,
1,2,1,Tue,3/15/2016,300,1458,,522,,2322,,5250,,6882,,6948,,5454,,3288,
1,2,0,Tue,3/15/2016,300,1806,,558,,1602,,4674,,6666,,5454,,3924,,1704,
1,3,1,Tue,3/15/2016,350,294,,1584,,6288,,4140,,5976,,6834,,4812,,1632,
1,3,0,Tue,3/15/2016,350,318,,1464,,5934,,2100,,3066,,3726,,2814,,612,
1,4,1,Tue,3/15/2016,400,84,,684,,3540,,2196,,3330,,4830,,2772,,738,
1,4,0,Tue,3/15/2016,400,108,,642,,3282,,1692,,3012,,4590,,3186,,1044,
1,6,1,Tue,3/15/2016,400,3030,,1764,,3216,,7476,,8190,,6432,,4290,,3780,
1,6,0,Tue,3/15/2016,400,2604,,1554,,1842,,3966,,5394,,5046,,3882,,2490,
2,3,1,Tue,3/15/2016,320,1308,,1098,,4854,,7332,,7212,,7380,,5232,,3942,
2,3,0,Tue,3/15/2016,320,1800,,1518,,4566,,7614,,7986,,7326,,6024,,4176,
2,4,1,Tue,3/15/2016,380,2274,,1188,,5124,,7932,,7392,,7350,,5580,,3558,
2,4,0,Tue,3/15/2016,380,1992,,1308,,4560,,7680,,7086,,7566,,5412,,3708,
2,5,1,Tue,3/15/2016,370,2256,,1182,,4008,,6558,,6804,,7344,,5010,,4050,
2,5,0,Tue,3/15/2016,370,3042,,1728,,2706,,4956,,5070,,4680,,4236,,3654,
3,5,1,Tue,3/15/2016,500,2820,,1776,,2322,,4446,,5436,,4530,,3462,,1962,
3,5,0,Tue,3/15/2016,500,1122,,1872,,4794,,8364,,7578,,6870,,4848,,3204,
4,5,1,Tue,3/15/2016,460,1866,,1362,,4008,,5790,,6696,,6342,,6366,,6726,
4,5,0,Tue,3/15/2016,460,3042,,1404,,2646,,5640,,6270,,6570,,6132,,4458,
4,6,1,Tue,3/15/2016,430,1794,,1080,,5496,,6384,,6696,,6996,,7206,,5076,
4,6,0,Tue,3/15/2016,430,1608,,1092,,6180,,6246,,6486,,7194,,6306,,5448,
1,2,1,Tue,3/22/2016,300,1614,,1152,,5700,,6198,,5352,,7008,,7128,,5106,
1,2,0,Tue,3/22/2016,300,1944,,1254,,7110,,7188,,7470,,8268,,7260,,6270,
1,3,1,Tue,3/22/2016,350,1104,,1104,,3720,,5838,,6708,,5952,,6108,,5730,
1,3,0,Tue,3/22/2016,350,1956,,930,,2718,,6096,,6630,,6552,,5856,,4446,
1,4,1,Tue,3/22/2016,400,1074,,1212,,5724,,6048,,6084,,6660,,6480,,4608,
1,4,0,Tue,3/22/2016,400,858,,1044,,5520,,6102,,6288,,6402,,6378,,3918,
1,6,1,Tue,3/22/2016,400,876,,1038,,6282,,6162,,5958,,5772,,6000,,5322,
1,6,0,Tue,3/22/2016,400,1326,,1182,,5742,,6612,,6558,,6768,,6642,,5904,
2,3,1,Tue,3/22/2016,320,2904,,1482,,2598,,5130,,8670,,9438,,8208,,5928,
2,3,0,Tue,3/22/2016,320,2952,,1458,,2418,,5436,,8328,,9816,,7140,,4836,
2,4,1,Tue,3/22/2016,380,1896,,1038,,7440,,9096,,10500,,15600,,11574,,4782,
2,4,0,Tue,3/22/2016,380,1590,,900,,7416,,9414,,10236,,15240,,11082,,4824,
2,5,1,Tue,3/22/2016,370,1542,,972,,7542,,8934,,10866,,14700,,11892,,5250,
2,5,0,Tue,3/22/2016,370,1716,,1134,,7062,,8724,,10374,,15864,,11796,,5190,
3,5,1,Tue,3/22/2016,500,2652,,1788,,4116,,8310,,8490,,8316,,7716,,5172,
3,5,0,Tue,3/22/2016,500,1758,,1272,,4122,,8094,,8952,,9036,,5850,,4026,
4,5,1,Tue,3/22/2016,460,1164,,1830,,14178,,11442,,11142,,12198,,8418,,7326,
4,5,0,Tue,3/22/2016,460,5286,,1428,,2898,,13140,,10878,,11640,,9618,,5502,
4,6,1,Tue,3/22/2016,430,1326,,1788,,14274,,11112,,11868,,11172,,7536,,7098,
4,6,0,Tue,3/22/2016,430,5502,,1470,,2766,,14190,,10896,,11310,,8304,,6702,
1,2,1,Tue,3/29/2016,300,1104,,462,,666,,1752,,2748,,2700,,2610,,1698,
1,2,0,Tue,3/29/2016,300,792,,402,,984,,2124,,2388,,2766,,3042,,1836,
1,3,1,Tue,3/29/2016,350,516,,360,,3552,,2664,,3144,,3732,,3066,,1470,
1,3,0,Tue,3/29/2016,350,354,,444,,3600,,2928,,2886,,4008,,2988,,1428,
1,4,1,Tue,3/29/2016,400,414,,372,,3234,,2868,,3192,,3840,,3078,,1566,
1,4,0,Tue,3/29/2016,400,444,,468,,3450,,3048,,3162,,3810,,3318,,1686,
1,6,1,Tue,3/29/2016,400,720,,954,,1950,,2904,,3264,,3456,,2772,,1800,
1,6,0,Tue,3/29/2016,400,708,,480,,936,,2064,,3102,,3186,,2214,,1584,
2,3,1,Tue,3/29/2016,320,612,,408,,3828,,2928,,3462,,4368,,2940,,1470,
2,3,0,Tue,3/29/2016,320,432,,384,,3924,,2946,,3414,,4446,,3066,,1536,
2,4,1,Tue,3/29/2016,380,456,,396,,3954,,3138,,3594,,4374,,3174,,1626,
2,4,0,Tue,3/29/2016,380,498,,378,,3894,,3078,,3378,,4710,,3402,,1878,
2,5,1,Tue,3/29/2016,370,5334,,5772,,12252,,17790,,18876,,17874,,17676,,12990,
2,5,0,Tue,3/29/2016,370,6486,,4086,,8580,,14646,,15690,,17028,,13290,,9342,
3,5,1,Tue,3/29/2016,500,4464,,5142,,17268,,14418,,14298,,16272,,14172,,8694,
3,5,0,Tue,3/29/2016,500,3288,,5196,,20910,,17676,,15732,,16074,,12528,,8808,
4,5,1,Tue,3/29/2016,460,3072,,5286,,20544,,16476,,14778,,15498,,14352,,9444,
4,5,0,Tue,3/29/2016,460,3444,,5484,,20598,,17394,,16062,,16338,,15192,,10344,
4,6,1,Tue,3/29/2016,430,5460,,3690,,11796,,14286,,12900,,9612,,11862,,10272,
4,6,0,Tue,3/29/2016,430,5562,,3696,,4998,,9126,,12912,,13920,,10884,,7560,
1,2,1,Wed,3/9/2016,300,3948,,2652,,9954,,9234,,8910,,14592,,13542,,8412,
1,2,0,Wed,3/9/2016,300,3504,,2160,,10026,,9684,,10848,,14208,,13428,,9048,
1,3,1,Wed,3/9/2016,350,3360,,2532,,10158,,8598,,8958,,14352,,12906,,8622,
1,3,0,Wed,3/9/2016,350,3300,,2376,,10308,,12048,,12744,,14886,,14496,,9582,
1,4,1,Wed,3/9/2016,400,22872,,14496,,15612,,24840,,29310,,28410,,31338,,28596,
1,4,0,Wed,3/9/2016,400,21918,,13818,,10668,,21228,,26868,,27012,,24204,,21138,
1,6,1,Wed,3/9/2016,400,11958,,8442,,30606,,28764,,29862,,31188,,28476,,29106,
1,6,0,Wed,3/9/2016,400,14694,,9582,,30666,,29928,,30354,,31350,,29916,,29292,
2,3,1,Wed,3/9/2016,320,16656,,10080,,31164,,30732,,30780,,30576,,30480,,30036,
2,3,0,Wed,3/9/2016,320,18726,,10560,,31470,,31668,,29370,,29046,,29610,,20088,
2,4,1,Wed,3/9/2016,380,15000,,6672,,10620,,20886,,25032,,26460,,26898,,24912,
2,4,0,Wed,3/9/2016,380,15852,,6876,,8466,,17706,,23166,,24042,,17538,,14676,
2,5,1,Wed,3/9/2016,370,6084,,3762,,20184,,21186,,22536,,23010,,28770,,22308,
2,5,0,Wed,3/9/2016,370,7536,,4494,,21180,,23346,,21300,,23130,,29922,,25332,
3,5,1,Wed,3/9/2016,500,8076,,4668,,21474,,21966,,21930,,23172,,28776,,26892,
3,5,0,Wed,3/9/2016,500,9648,,4878,,22488,,22212,,22746,,22386,,28296,,27780,
4,5,1,Wed,3/9/2016,460,1392,,708,,2142,,4338,,4278,,4782,,3696,,3552,
4,5,0,Wed,3/9/2016,460,1764,,858,,1278,,3198,,4602,,4878,,3912,,2520,
4,6,1,Wed,3/9/2016,430,582,,420,,2334,,3900,,4152,,4506,,4482,,2238,
4,6,0,Wed,3/9/2016,430,402,,576,,2544,,4650,,4080,,5082,,4644,,2694,
1,2,1,Wed,3/16/2016,300,594,,588,,2304,,4020,,3996,,4836,,4386,,2760,
1,2,0,Wed,3/16/2016,300,672,,726,,2646,,4476,,4188,,5802,,5856,,3156,
1,3,1,Wed,3/16/2016,350,3846,,2286,,5148,,9168,,9060,,8748,,7692,,6600,
1,3,0,Wed,3/16/2016,350,4038,,2232,,3516,,7092,,9084,,8544,,6882,,5352,
1,4,1,Wed,3/16/2016,400,2064,,1482,,7734,,8742,,8508,,9066,,8040,,5202,
1,4,0,Wed,3/16/2016,400,1506,,1350,,8586,,9360,,8808,,8862,,7668,,5610,
1,6,1,Wed,3/16/2016,400,1680,,1356,,8070,,9048,,8886,,9078,,8370,,5958,
1,6,0,Wed,3/16/2016,400,2034,,1500,,10134,,9228,,8736,,9696,,8514,,6486,
2,3,1,Wed,3/16/2016,320,492,,282,,1548,,2040,,2250,,3366,,2568,,1566,
2,3,0,Wed,3/16/2016,320,750,,306,,696,,1650,,2070,,2460,,1902,,1500,
2,4,1,Wed,3/16/2016,380,966,,456,,324,,1236,,1830,,2496,,1776,,1164,
2,4,0,Wed,3/16/2016,380,468,,162,,1428,,1638,,1716,,2892,,2172,,858,
2,5,1,Wed,3/16/2016,370,378,,174,,1506,,2082,,1842,,3144,,2058,,1272,
2,5,0,Wed,3/16/2016,370,426,,342,,1458,,1788,,2064,,2742,,2322,,1146,
3,5,1,Wed,3/16/2016,500,396,,156,,1542,,2574,,1560,,2706,,2724,,1308,
3,5,0,Wed,3/16/2016,500,426,,546,,3060,,2400,,2472,,3024,,2718,,1686,
4,5,1,Wed,3/16/2016,460,990,,660,,1110,,2298,,2772,,2646,,2454,,1584,
4,5,0,Wed,3/16/2016,460,1020,,504,,648,,1626,,2094,,2334,,2058,,1284,
4,6,1,Wed,3/16/2016,430,744,,456,,2844,,2262,,2052,,2904,,2184,,1032,
4,6,0,Wed,3/16/2016,430,282,,336,,2898,,2664,,2100,,2760,,2004,,1266,
1,2,1,Wed,3/23/2016,300,360,,468,,2496,,2454,,2184,,2946,,2496,,1224,
1,2,0,Wed,3/23/2016,300,576,,378,,2856,,2598,,2436,,3054,,2844,,1506,
1,3,1,Wed,3/23/2016,350,708,,570,,2790,,2892,,2934,,3762,,3222,,1926,
1,3,0,Wed,3/23/2016,350,1224,,672,,1536,,2376,,2904,,3468,,3054,,1884,
1,4,1,Wed,3/23/2016,400,966,,618,,744,,1614,,2082,,2676,,1680,,1308,
1,4,0,Wed,3/23/2016,400,702,,468,,2634,,2316,,2418,,3636,,2346,,1248,
1,6,1,Wed,3/23/2016,400,462,,426,,2646,,2328,,2844,,3396,,2808,,1620,
1,6,0,Wed,3/23/2016,400,606,,438,,2670,,2214,,2838,,3252,,2724,,1350,
2,3,1,Wed,3/23/2016,320,528,,492,,2586,,2784,,2658,,3474,,3054,,1728,
2,3,0,Wed,3/23/2016,320,1014,,726,,3558,,3384,,3774,,4524,,3942,,2796,
2,4,1,Wed,3/23/2016,380,1752,,960,,1914,,2952,,3768,,3960,,3546,,2658,
2,4,0,Wed,3/23/2016,380,1896,,1044,,1188,,2112,,2844,,3120,,2274,,2076,
2,5,1,Wed,3/23/2016,370,1164,,582,,3522,,3354,,2982,,4200,,3312,,1704,
2,5,0,Wed,3/23/2016,370,696,,606,,3384,,3450,,3222,,4098,,3234,,2136,
3,5,1,Wed,3/23/2016,500,918,,666,,3288,,3786,,3576,,4182,,3750,,2190,
3,5,0,Wed,3/23/2016,500,822,,744,,3612,,3738,,3834,,4524,,3978,,2442,
4,5,1,Wed,3/23/2016,460,1266,,576,,732,,2454,,4752,,5172,,4188,,2172,
4,5,0,Wed,3/23/2016,460,1278,,516,,972,,3342,,4656,,4518,,3396,,1656,
4,6,1,Wed,3/23/2016,430,750,,528,,3990,,4740,,5232,,6696,,5730,,2634,
4,6,0,Wed,3/23/2016,430,810,,564,,4272,,4374,,5748,,7680,,6270,,2868,
1,2,1,Wed,3/30/2016,300,756,,552,,4374,,4836,,6018,,7920,,6378,,2946,
1,2,0,Wed,3/30/2016,300,756,,540,,4302,,5544,,6324,,8310,,6648,,3240,
1,3,1,Wed,3/30/2016,350,1152,,516,,1032,,3402,,4728,,4824,,3330,,2064,
1,3,0,Wed,3/30/2016,350,888,,546,,1548,,3978,,4764,,4236,,2484,,1680,
1,4,1,Wed,3/30/2016,400,564,,708,,5190,,4518,,4530,,4974,,3366,,1578,
1,4,0,Wed,3/30/2016,400,390,,816,,5394,,4350,,4440,,5064,,3690,,1794,
1,6,1,Wed,3/30/2016,400,468,,822,,5472,,4560,,5076,,5328,,3798,,1794,
1,6,0,Wed,3/30/2016,400,468,,894,,5838,,4830,,5214,,5334,,4128,,2004,
2,3,1,Wed,3/30/2016,320,834,,300,,636,,1812,,2172,,2442,,2202,,1458,
2,3,0,Wed,3/30/2016,320,624,,306,,822,,2226,,2196,,2496,,1656,,1038,
2,4,1,Wed,3/30/2016,380,360,,600,,4356,,2586,,2292,,2856,,2154,,1080,
2,4,0,Wed,3/30/2016,380,198,,678,,4188,,2352,,2262,,2958,,2088,,1128,
2,5,1,Wed,3/30/2016,370,252,,552,,4380,,2664,,2592,,2748,,2268,,960,
2,5,0,Wed,3/30/2016,370,378,,642,,4356,,2574,,2670,,2838,,2484,,1380,
3,5,1,Wed,3/30/2016,500,1014,,468,,450,,1350,,2430,,2814,,2400,,1548,
3,5,0,Wed,3/30/2016,500,804,,474,,708,,1746,,2424,,2718,,2010,,1248,
4,5,1,Wed,3/30/2016,460,624,,330,,2352,,2370,,2670,,3888,,2898,,1446,
4,5,0,Wed,3/30/2016,460,510,,366,,2160,,2544,,2886,,3678,,2808,,1404,
4,6,1,Wed,3/30/2016,430,468,,324,,2340,,2598,,2874,,3450,,2760,,1530,
4,6,0,Wed,3/30/2016,430,540,,408,,2262,,2346,,2976,,3594,,3240,,1842,
1,2,1,Thu,3/10/2016,300,1164,,462,,822,,2472,,3084,,3468,,3090,,1626,
1,2,0,Thu,3/10/2016,300,606,,336,,984,,2274,,2358,,2580,,1812,,1152,
1,3,1,Thu,3/10/2016,350,444,,432,,3288,,2688,,2904,,3720,,2568,,960,
1,3,0,Thu,3/10/2016,350,288,,438,,3258,,2772,,3420,,3600,,2172,,1146,
1,4,1,Thu,3/10/2016,400,306,,492,,3606,,3030,,3252,,3420,,2790,,1242,
1,4,0,Thu,3/10/2016,400,372,,474,,3612,,2934,,3414,,3906,,2634,,1434,
1,6,1,Thu,3/10/2016,400,3162,,2598,,4794,,10386,,13440,,13944,,11916,,6606,
1,6,0,Thu,3/10/2016,400,3180,,2562,,3930,,9258,,13266,,12750,,7602,,3816,
2,3,1,Thu,3/10/2016,320,1692,,1692,,9756,,11460,,14874,,17460,,17112,,6690,
2,3,0,Thu,3/10/2016,320,1386,,1644,,9720,,11088,,12990,,16440,,14304,,6816,
2,4,1,Thu,3/10/2016,380,1800,,1632,,9930,,10788,,13266,,16536,,15594,,7512,
2,4,0,Thu,3/10/2016,380,1830,,1758,,9780,,11676,,15000,,17814,,17454,,8688,
2,5,1,Thu,3/10/2016,370,3360,,1476,,5268,,14898,,17040,,15768,,13704,,8178,
2,5,0,Thu,3/10/2016,370,4272,,1524,,4518,,14172,,16254,,12966,,7890,,2478,
3,5,1,Thu,3/10/2016,500,888,,1590,,13176,,12480,,11940,,13482,,10260,,4320,
3,5,0,Thu,3/10/2016,500,1008,,1560,,12984,,12498,,11964,,13170,,10050,,4518,
4,5,1,Thu,3/10/2016,460,1326,,1686,,12978,,13788,,13224,,13770,,10776,,4488,
4,5,0,Thu,3/10/2016,460,1212,,1566,,13470,,14046,,13974,,13890,,12384,,6042,
4,6,1,Thu,3/10/2016,430,612,,378,,1422,,3492,,3426,,3414,,2808,,2076,
4,6,0,Thu,3/10/2016,430,870,,522,,1170,,2238,,3546,,2742,,1866,,840,
1,2,1,Thu,3/17/2016,300,294,,462,,3960,,3852,,4494,,6828,,5772,,2670,
1,2,0,Thu,3/17/2016,300,594,,498,,3858,,3966,,4452,,6144,,5298,,2928,
1,3,1,Thu,3/17/2016,350,744,,522,,3990,,3882,,4584,,6744,,6096,,2904,
1,3,0,Thu,3/17/2016,350,762,,552,,4044,,3828,,4566,,6900,,6168,,3672,
1,4,1,Thu,3/17/2016,400,636,,576,,2208,,5028,,6312,,4524,,4536,,2580,
1,4,0,Thu,3/17/2016,400,1416,,780,,2136,,4788,,5508,,4056,,2760,,1152,
1,6,1,Thu,3/17/2016,400,546,,750,,7056,,6138,,6876,,8148,,5868,,2232,
1,6,0,Thu,3/17/2016,400,474,,792,,7074,,6138,,7134,,7860,,5832,,2334,
2,3,1,Thu,3/17/2016,320,540,,834,,6726,,7176,,9222,,10692,,6336,,2532,
2,3,0,Thu,3/17/2016,320,546,,720,,7266,,7470,,8940,,9492,,7866,,3462,
2,4,1,Thu,3/17/2016,380,840,,462,,1224,,3282,,3648,,3210,,2940,,2184,
2,4,0,Thu,3/17/2016,380,1224,,600,,978,,2448,,3390,,2892,,2232,,1032,
2,5,1,Thu,3/17/2016,370,384,,426,,2838,,2490,,3120,,3846,,3300,,1458,
2,5,0,Thu,3/17/2016,370,354,,330,,2580,,2574,,2892,,3564,,3102,,1536,
3,5,1,Thu,3/17/2016,500,408,,300,,2796,,2424,,3054,,3774,,3498,,1374,
3,5,0,Thu,3/17/2016,500,360,,306,,2586,,2808,,3198,,3858,,3684,,1854,
4,5,1,Thu,3/17/2016,460,270,,258,,1236,,2556,,3132,,2076,,2118,,1278,
4,5,0,Thu,3/17/2016,460,606,,330,,1008,,2484,,2670,,2010,,1500,,456,
4,6,1,Thu,3/17/2016,430,210,,162,,816,,1632,,1710,,1644,,1224,,474,
4,6,0,Thu,3/17/2016,430,102,,210,,1782,,1656,,1698,,1608,,1212,,582,
1,2,1,Thu,3/24/2016,300,114,,192,,1830,,1620,,1968,,1872,,1290,,570,
1,2,0,Thu,3/24/2016,300,138,,192,,1950,,1494,,1776,,2052,,1716,,930,
1,3,1,Thu,3/24/2016,350,1908,,1248,,2070,,4578,,5640,,6036,,4914,,3198,
1,3,0,Thu,3/24/2016,350,1806,,1020,,1944,,3804,,4626,,4920,,3558,,2424,
1,4,1,Thu,3/24/2016,400,1290,,822,,3954,,4260,,4758,,5832,,5082,,2358,
1,4,0,Thu,3/24/2016,400,918,,798,,4368,,4104,,4566,,6012,,4938,,2460,
1,6,1,Thu,3/24/2016,400,750,,726,,4386,,4278,,4752,,5868,,4944,,2508,
1,6,0,Thu,3/24/2016,400,912,,726,,4332,,4476,,4698,,6234,,5442,,2844,
2,3,1,Thu,3/24/2016,320,1320,,834,,2484,,4266,,4974,,5448,,4320,,2496,
2,3,0,Thu,3/24/2016,320,1452,,870,,1716,,3816,,3966,,4578,,3234,,2208,
2,4,1,Thu,3/24/2016,380,1002,,858,,4728,,4398,,3996,,4644,,4158,,1632,
2,4,0,Thu,3/24/2016,380,588,,660,,4314,,3828,,3852,,4866,,4020,,2166,
2,5,1,Thu,3/24/2016,370,582,,666,,4812,,4290,,4188,,4782,,4116,,2298,
2,5,0,Thu,3/24/2016,370,720,,696,,5076,,4536,,4338,,5214,,4452,,2526,
3,5,1,Thu,3/24/2016,500,2850,,1866,,2886,,6132,,8016,,8904,,8262,,5628,
3,5,0,Thu,3/24/2016,500,3138,,1878,,2142,,4722,,6552,,8244,,5790,,4320,
4,5,1,Thu,3/24/2016,460,2244,,1242,,5136,,5082,,6270,,7638,,6564,,3984,
4,5,0,Thu,3/24/2016,460,1218,,960,,5142,,4872,,6300,,7812,,7224,,3900,
4,6,1,Thu,3/24/2016,430,1254,,1068,,5082,,5406,,5754,,7986,,7320,,4098,
4,6,0,Thu,3/24/2016,430,1452,,1050,,5178,,5802,,6480,,8346,,7788,,4356,
1,2,1,Thu,3/31/2016,300,1812,,1026,,2280,,6342,,7650,,7224,,6222,,4116,
1,2,0,Thu,3/31/2016,300,2280,,1368,,2106,,2244,,2958,,2892,,1740,,1314,
1,3,1,Thu,3/31/2016,350,912,,354,,2514,,4206,,3996,,4284,,2970,,1956,
1,3,0,Thu,3/31/2016,350,816,,624,,4098,,4128,,4158,,5610,,3624,,1872,
1,4,1,Thu,3/31/2016,400,828,,756,,3654,,4200,,3666,,3804,,3090,,1482,
1,4,0,Thu,3/31/2016,400,1128,,1176,,7002,,6792,,6738,,8742,,6864,,4092,
1,6,1,Thu,3/31/2016,400,924,,516,,1332,,3210,,4200,,4800,,3744,,2172,
1,6,0,Thu,3/31/2016,400,834,,420,,1098,,2634,,3786,,4326,,2814,,1614,
2,3,1,Thu,3/31/2016,320,684,,330,,2424,,2532,,3060,,4686,,3714,,1704,
2,3,0,Thu,3/31/2016,320,402,,300,,2772,,2604,,3324,,4926,,3780,,1650,
2,4,1,Thu,3/31/2016,380,486,,372,,2580,,2556,,3264,,4764,,3870,,1830,
2,4,0,Thu,3/31/2016,380,468,,276,,3018,,2676,,3504,,4926,,4284,,2358,
2,5,1,Thu,3/31/2016,370,1320,,600,,1692,,4074,,5748,,5520,,4926,,3486,
2,5,0,Thu,3/31/2016,370,1464,,912,,1452,,4908,,6036,,4842,,2946,,1500,
3,5,1,Thu,3/31/2016,500,540,,384,,4698,,3774,,4266,,5358,,4326,,2400,
3,5,0,Thu,3/31/2016,500,426,,438,,4734,,3786,,3912,,5292,,4482,,2550,
4,5,1,Thu,3/31/2016,460,498,,366,,4548,,3780,,4248,,5166,,4536,,2484,
4,5,0,Thu,3/31/2016,460,498,,348,,4566,,3750,,4110,,5142,,4536,,2562,
4,6,1,Thu,3/31/2016,430,1674,,942,,1920,,4686,,6414,,7092,,4950,,3780,
4,6,0,Thu,3/31/2016,430,1650,,954,,1656,,3942,,5034,,5472,,3942,,2628,
1,2,1,Fri,3/11/2016,300,1296,,696,,3318,,4110,,4704,,6438,,5364,,2796,
1,2,0,Fri,3/11/2016,300,864,,708,,3330,,4392,,5070,,6480,,5412,,3012,
1,3,1,Fri,3/11/2016,350,1026,,630,,3918,,4194,,5286,,5700,,5580,,2970,
1,3,0,Fri,3/11/2016,350,1062,,774,,2754,,4560,,5358,,7014,,6690,,3954,
1,4,1,Fri,3/11/2016,400,1212,,900,,3168,,5250,,6156,,8070,,7692,,4434,
1,4,0,Fri,3/11/2016,400,1668,,720,,2358,,5112,,6168,,6780,,5634,,3570,
1,6,1,Fri,3/11/2016,400,1764,,816,,1554,,4140,,5292,,5310,,3984,,2502,
1,6,0,Fri,3/11/2016,400,1266,,714,,4338,,4458,,4824,,5820,,4680,,2526,
2,3,1,Fri,3/11/2016,320,816,,654,,4092,,3960,,4782,,6060,,4638,,2604,
2,3,0,Fri,3/11/2016,320,918,,660,,4410,,4308,,5118,,5916,,5082,,2628,
2,4,1,Fri,3/11/2016,380,978,,756,,4842,,4848,,5460,,6690,,5898,,3240,
2,4,0,Fri,3/11/2016,380,1050,,864,,5568,,5580,,6282,,7704,,6774,,3660,
2,5,1,Fri,3/11/2016,370,4938,,3108,,6078,,13248,,18726,,19206,,15036,,8742,
2,5,0,Fri,3/11/2016,370,3852,,2556,,4860,,10788,,14484,,15168,,9804,,6120,
3,5,1,Fri,3/11/2016,500,2514,,2220,,12702,,13806,,16380,,18828,,14154,,6324,
3,5,0,Fri,3/11/2016,500,2052,,2208,,12486,,14088,,17388,,18402,,14226,,6294,
4,5,1,Fri,3/11/2016,460,2004,,2442,,13620,,14622,,16452,,20700,,15888,,7410,
4,5,0,Fri,3/11/2016,460,2220,,2352,,13446,,15618,,19320,,22044,,20064,,11106,
4,6,1,Fri,3/11/2016,430,2532,,2160,,12690,,13692,,16158,,18114,,14088,,6102,
4,6,0,Fri,3/11/2016,430,4356,,2862,,5100,,11928,,16368,,15456,,12264,,7308,
1,2,1,Fri,3/18/2016,300,3366,,2286,,4368,,9444,,12960,,13332,,8610,,5124,
1,2,0,Fri,3/18/2016,300,2208,,1890,,10890,,12138,,14742,,15978,,11640,,5658,
1,3,1,Fri,3/18/2016,350,1788,,1842,,11436,,12162,,13074,,14076,,11226,,6282,
1,3,0,Fri,3/18/2016,350,1932,,1920,,11688,,16752,,14526,,14598,,12702,,6450,
1,4,1,Fri,3/18/2016,400,2328,,2136,,12486,,13440,,15216,,14892,,15084,,9216,
1,4,0,Fri,3/18/2016,400,3018,,2058,,13392,,15516,,17292,,17448,,17364,,11370,
1,6,1,Fri,3/18/2016,400,198,,102,,174,,468,,558,,660,,576,,354,
1,6,0,Fri,3/18/2016,400,150,,90,,222,,564,,546,,612,,426,,276,
2,3,1,Fri,3/18/2016,320,102,,162,,1110,,654,,588,,882,,618,,408,
2,3,0,Fri,3/18/2016,320,90,,132,,846,,900,,756,,582,,282,,180,
2,4,1,Fri,3/18/2016,380,84,,108,,462,,492,,432,,1164,,888,,528,
2,4,0,Fri,3/18/2016,380,108,,150,,936,,738,,618,,684,,588,,270,
2,5,1,Fri,3/18/2016,370,102,,132,,1068,,702,,666,,744,,654,,378,
2,5,0,Fri,3/18/2016,370,906,,648,,6480,,3414,,4008,,5226,,4398,,2550,
3,5,1,Fri,3/18/2016,500,798,,510,,1854,,4740,,4674,,4422,,3576,,2250,
3,5,0,Fri,3/18/2016,500,870,,570,,1326,,3582,,4686,,3498,,3312,,2238,
4,5,1,Fri,3/18/2016,460,492,,654,,5166,,3162,,3684,,5640,,3924,,1908,
4,5,0,Fri,3/18/2016,460,738,,702,,5094,,3504,,3336,,4092,,4500,,2352,
4,6,1,Fri,3/18/2016,430,768,,120,,150,,780,,1614,,3450,,2166,,1920,
4,6,0,Fri,3/18/2016,430,480,,264,,522,,1194,,1758,,1866,,1356,,1032,
1,2,1,Fri,3/25/2016,300,426,,270,,474,,1092,,1236,,1494,,1092,,708,
1,2,0,Fri,3/25/2016,300,360,,180,,840,,1140,,1308,,1674,,1392,,744,
1,3,1,Fri,3/25/2016,350,234,,186,,924,,1212,,1320,,1752,,1392,,822,
1,3,0,Fri,3/25/2016,350,288,,174,,1068,,1170,,1386,,1554,,1560,,768,
1,4,1,Fri,3/25/2016,400,300,,222,,780,,1254,,1410,,1884,,1824,,1098,
1,4,0,Fri,3/25/2016,400,330,,246,,828,,1452,,1590,,2232,,2064,,1164,
1,6,1,Fri,3/25/2016,400,498,,192,,708,,1500,,1698,,1806,,1638,,948,
1,6,0,Fri,3/25/2016,400,474,,228,,420,,1122,,1530,,1512,,1074,,672,
2,3,1,Fri,3/25/2016,320,348,,210,,1260,,1236,,1356,,1608,,1326,,678,
2,3,0,Fri,3/25/2016,320,138,,78,,1236,,1068,,1128,,1644,,1176,,738,
2,4,1,Fri,3/25/2016,380,294,,192,,1068,,870,,1440,,1674,,1284,,798,
2,4,0,Fri,3/25/2016,380,264,,174,,1296,,1050,,1524,,1926,,1602,,960,
2,5,1,Fri,3/25/2016,370,252,,204,,1302,,1278,,1536,,1878,,1476,,786,
2,5,0,Fri,3/25/2016,370,1428,,1032,,7704,,6774,,5730,,7320,,7674,,5214,
3,5,1,Fri,3/25/2016,500,3978,,1896,,2178,,4986,,6654,,7944,,7308,,6462,
3,5,0,Fri,3/25/2016,500,4908,,2298,,2172,,3060,,5262,,6978,,5862,,3684,
4,5,1,Fri,3/25/2016,460,1398,,1026,,7542,,6468,,5772,,7266,,5316,,2736,
4,5,0,Fri,3/25/2016,460,1026,,1602,,8622,,2976,,1056,,756,,204,,30,
4,6,1,Fri,3/25/2016,430,6,,18,,90,,162,,144,,108,,12,,1068,
4,6,0,Fri,3/25/2016,430,1236,,1170,,5076,,5040,,6330,,8952,,8952,,6414,
1,2,1,Fri,4/1/2016,300,2892,,2124,,3060,,5178,,8022,,8694,,8424,,5568,
1,2,0,Fri,4/1/2016,300,3606,,2826,,2238,,4164,,6660,,7020,,5112,,2640,
1,3,1,Fri,4/1/2016,350,1026,,1188,,5148,,5526,,6636,,9834,,7410,,3492,
1,3,0,Fri,4/1/2016,350,1152,,1140,,5052,,1332,,582,,516,,378,,66,
1,4,1,Fri,4/1/2016,400,0,,0,,42,,18,,6,,0,,54,,1704,
1,4,0,Fri,4/1/2016,400,1020,,636,,2394,,6204,,6432,,5676,,4506,,2922,
1,6,1,Fri,4/1/2016,400,1128,,732,,1584,,4338,,5988,,4446,,4026,,2748,
1,6,0,Fri,4/1/2016,400,636,,654,,6084,,4206,,4890,,6132,,4098,,1308,
2,3,1,Fri,4/1/2016,320,444,,654,,6156,,4332,,4638,,6090,,4128,,1572,
2,3,0,Fri,4/1/2016,320,462,,660,,5850,,4392,,5010,,5904,,3960,,1566,
2,4,1,Fri,4/1/2016,380,450,,648,,6444,,4674,,5274,,5646,,3990,,1668,
2,4,0,Fri,4/1/2016,380,534,,726,,6372,,4434,,4818,,6042,,4026,,1698,
2,5,1,Fri,4/1/2016,370,582,,402,,1650,,3210,,4308,,3474,,3090,,1656,
2,5,0,Fri,4/1/2016,370,744,,480,,1104,,2682,,3762,,2814,,2058,,630,
3,5,1,Fri,4/1/2016,500,156,,414,,2154,,2220,,2682,,3012,,1812,,834,
3,5,0,Fri,4/1/2016,500,264,,192,,2088,,2190,,2628,,3264,,2352,,1092,
4,5,1,Fri,4/1/2016,460,282,,204,,2202,,2304,,2880,,3258,,2364,,1038,
4,5,0,Fri,4/1/2016,460,204,,174,,2448,,2580,,3036,,3348,,2424,,1200,
4,6,1,Fri,4/1/2016,430,276,,192,,2208,,2286,,2922,,3294,,2340,,1122,
4,6,0,Fri,4/1/2016,430,1158,,954,,4878,,5328,,6222,,9522,,8022,,5646,
1,2,1,Sat,3/12/2016,300,2850,,1806,,3042,,5628,,7506,,9006,,7932,,5622,
1,2,0,Sat,3/12/2016,300,3210,,2610,,1914,,4326,,7278,,6408,,4422,,2634,
1,3,1,Sat,3/12/2016,350,990,,684,,4830,,5112,,6432,,10182,,7116,,3156,
1,3,0,Sat,3/12/2016,350,1122,,1056,,5172,,5448,,6528,,3300,,0,,0,
1,4,1,Sat,3/12/2016,400,0,,0,,0,,0,,0,,0,,0,,1866,
1,4,0,Sat,3/12/2016,400,1182,,1794,,7758,,5664,,4440,,7956,,6636,,5730,
1,6,1,Sat,3/12/2016,400,2874,,2478,,4458,,8232,,9636,,10236,,9978,,6156,
1,6,0,Sat,3/12/2016,400,3846,,3126,,2880,,6636,,8262,,8616,,5550,,2982,
2,3,1,Sat,3/12/2016,320,1200,,1752,,7536,,5790,,4128,,8178,,6408,,2982,
2,3,0,Sat,3/12/2016,320,990,,1554,,8118,,5658,,4128,,5118,,2892,,978,
2,4,1,Sat,3/12/2016,380,258,,336,,1704,,174,,546,,1476,,1614,,1920,
2,4,0,Sat,3/12/2016,380,570,,456,,1842,,1710,,1794,,2634,,2490,,1716,
2,5,1,Sat,3/12/2016,370,792,,522,,978,,1806,,2142,,2496,,2070,,1530,
2,5,0,Sat,3/12/2016,370,726,,468,,822,,1890,,2040,,2322,,1602,,1416,
3,5,1,Sat,3/12/2016,500,738,,390,,1944,,1344,,1722,,2478,,2322,,1236,
3,5,0,Sat,3/12/2016,500,564,,324,,1902,,1446,,1740,,2304,,2316,,1500,
4,5,1,Sat,3/12/2016,460,456,,348,,1878,,1440,,1644,,2514,,2442,,1380,
4,5,0,Sat,3/12/2016,460,594,,366,,1980,,1536,,1818,,2604,,2442,,1722,
4,6,1,Sat,3/12/2016,430,378,,630,,2748,,1812,,2076,,2298,,2352,,1254,
4,6,0,Sat,3/19/2016,430,474,,414,,1350,,2046,,2298,,2400,,1896,,1344,
1,2,1,Sat,3/19/2016,300,540,,486,,912,,1806,,2262,,2298,,1560,,978,
1,2,0,Sat,3/19/2016,300,402,,594,,2580,,1662,,1824,,2358,,1644,,912,
1,3,1,Sat,3/19/2016,350,288,,570,,2586,,1632,,1770,,2028,,1818,,990,
1,3,0,Sat,3/19/2016,350,276,,606,,2742,,1632,,1956,,2040,,1752,,1026,
1,4,1,Sat,3/19/2016,400,348,,594,,2706,,1446,,1950,,2370,,1872,,1374,
1,4,0,Sat,3/19/2016,400,216,,336,,1104,,1020,,1278,,1326,,1230,,918,
1,6,1,Sat,3/19/2016,400,276,,306,,756,,1122,,1242,,1176,,1134,,894,
1,6,0,Sat,3/19/2016,400,366,,210,,504,,936,,1326,,1158,,882,,690,
2,3,1,Sat,3/19/2016,320,252,,360,,1194,,846,,948,,1098,,960,,660,
2,3,0,Sat,3/19/2016,320,138,,300,,1272,,816,,960,,1116,,966,,720,
2,4,1,Sat,3/19/2016,380,156,,360,,1218,,810,,978,,1260,,948,,606,
2,4,0,Sat,3/19/2016,380,174,,306,,1362,,870,,966,,1164,,1098,,630,
2,5,1,Sat,3/19/2016,370,1548,,918,,2406,,5262,,7776,,8070,,8718,,4134,
2,5,0,Sat,3/19/2016,370,2070,,912,,1416,,3780,,5910,,7218,,4932,,2880,
3,5,1,Sat,3/19/2016,500,948,,564,,6114,,7908,,8178,,13728,,9024,,3504,
3,5,0,Sat,3/19/2016,500,804,,672,,5622,,7710,,7836,,12882,,8958,,3768,
4,5,1,Sat,3/19/2016,460,888,,492,,5346,,8604,,8142,,13044,,9918,,3684,
4,5,0,Sat,3/19/2016,460,996,,594,,5994,,7842,,8340,,14742,,11754,,3042,
4,6,1,Sat,3/19/2016,430,1368,,756,,2712,,5076,,6624,,20742,,23394,,3444,
4,6,0,Sat,3/19/2016,430,1650,,900,,1542,,3378,,4932,,20196,,8190,,2916,
1,2,1,Sat,3/26/2016,300,1050,,960,,24540,,13926,,19566,,22416,,10092,,2280,
1,2,0,Sat,3/26/2016,300,726,,1038,,23226,,13896,,5376,,15354,,6030,,2550,
1,3,1,Sat,3/26/2016,350,570,,942,,23106,,10272,,6192,,24246,,9750,,2550,
1,3,0,Sat,3/26/2016,350,804,,906,,25182,,10098,,12162,,26382,,19518,,3660,
1,4,1,Sat,3/26/2016,400,2034,,1338,,3060,,5676,,7860,,8652,,7134,,4566,
1,4,0,Sat,3/26/2016,400,2604,,1512,,1968,,4026,,6330,,10110,,5046,,3378,
1,6,1,Sat,3/26/2016,400,1614,,1014,,6126,,5790,,6456,,13068,,8904,,3576,
1,6,0,Sat,3/26/2016,400,1158,,876,,6558,,6150,,6012,,10944,,7980,,3546,
2,3,1,Sat,3/26/2016,320,1266,,1020,,6756,,6702,,8364,,12654,,8922,,3762,
2,3,0,Sat,3/26/2016,320,1440,,912,,5814,,5892,,6666,,14388,,12414,,4122,
2,4,1,Sat,3/26/2016,380,32886,,27174,,66738,,71166,,77856,,61974,,45294,,66024,
2,4,0,Sat,3/26/2016,380,31302,,22038,,52140,,62004,,74868,,67710,,66336,,67104,
2,5,1,Sat,3/26/2016,370,27498,,33480,,56274,,60756,,49494,,54480,,66060,,59166,
2,5,0,Sat,3/26/2016,370,23616,,29970,,51762,,60222,,68796,,64950,,70836,,56400,
3,5,1,Sat,3/26/2016,500,19500,,37524,,54228,,66468,,71454,,51900,,67902,,57714,
3,5,0,Sat,3/26/2016,500,19560,,39804,,53502,,68106,,64908,,48684,,61800,,66066,
4,5,1,Sat,3/26/2016,460,28776,,31410,,54438,,60144,,71214,,65400,,47022,,52872,
4,5,0,Sat,3/26/2016,460,29514,,27234,,44562,,52590,,70542,,76968,,59442,,47760,
4,6,1,Sat,3/26/2016,430,25776,,28470,,54132,,54126,,55290,,63264,,69540,,52416,
4,6,0,Sat,3/26/2016,430,20166,,25506,,51882,,55476,,68874,,77658,,73452,,51450,
1,2,1,Sat,4/2/2016,300,19182,,30696,,52512,,62616,,71448,,65478,,71496,,52140,
1,2,0,Sat,4/2/2016,300,19440,,32238,,53148,,62970,,70728,,55650,,64836,,57474,
1,3,1,Sat,4/2/2016,350,678,,930,,3348,,2772,,2850,,3396,,3228,,2256,
1,3,0,Sat,4/2/2016,350,1194,,828,,2178,,2586,,2724,,2376,,2304,,1872,
1,4,1,Sat,4/2/2016,400,1146,,702,,1512,,1818,,1848,,2070,,1668,,1296,
1,4,0,Sat,4/2/2016,400,768,,1008,,3210,,2532,,2490,,2976,,2658,,1458,
1,6,1,Sat,4/2/2016,400,546,,882,,2856,,2832,,2364,,2886,,2454,,1608,
1,6,0,Sat,4/2/2016,400,564,,708,,3162,,2754,,2760,,2874,,2406,,1704,
2,3,1,Sat,4/2/2016,320,678,,948,,3276,,2958,,2664,,2982,,2466,,1692,
2,3,0,Sat,4/2/2016,320,774,,834,,3114,,2940,,2790,,3342,,3342,,2280,
2,4,1,Sat,4/2/2016,380,1308,,792,,2034,,2628,,2700,,2430,,2298,,1932,
2,4,0,Sat,4/2/2016,380,1182,,684,,1476,,1776,,1854,,2100,,1662,,1326,
2,5,1,Sat,4/2/2016,370,834,,876,,3042,,2676,,2436,,2832,,2886,,1506,
2,5,0,Sat,4/2/2016,370,648,,720,,2676,,2988,,2352,,2898,,2502,,1626,
3,5,1,Sat,4/2/2016,500,684,,570,,3018,,2850,,2778,,2826,,2478,,1758,
3,5,0,Sat,4/2/2016,500,762,,840,,3024,,3174,,2622,,3006,,2508,,1710,
4,5,1,Sat,4/2/2016,460,2880,,3624,,12636,,11964,,12498,,12090,,10602,,6318,
4,5,0,Sat,4/2/2016,460,4362,,3006,,7596,,11892,,13854,,12528,,10422,,7500,
4,6,1,Sat,4/2/2016,430,4500,,2856,,4122,,8028,,9972,,9336,,6450,,3708,
4,6,0,Sat,4/2/2016,430,2328,,2250,,12828,,11034,,11778,,12540,,9156,,4932,
1,2,1,Sun,3/13/2016,300,2178,,3006,,13374,,11472,,11670,,12540,,9330,,5076,
1,2,0,Sun,3/13/2016,300,2322,,3018,,13092,,12030,,11910,,12456,,9720,,5496,
1,3,1,Sun,3/13/2016,350,2304,,3348,,13680,,12156,,12558,,12360,,10830,,6108,
1,3,0,Sun,3/13/2016,350,2328,,3558,,10248,,11424,,14376,,16086,,13434,,8004,
1,4,1,Sun,3/13/2016,400,4380,,3828,,6804,,11634,,13326,,13620,,12210,,7596,
1,4,0,Sun,3/13/2016,400,4518,,2838,,4320,,8736,,10098,,9936,,6114,,3312,
1,6,1,Sun,3/13/2016,400,2058,,2646,,10770,,11124,,12588,,14346,,12012,,5682,
1,6,0,Sun,3/13/2016,400,1800,,3816,,10902,,10842,,11664,,14526,,11898,,6066,
2,3,1,Sun,3/13/2016,320,2124,,3438,,11298,,10926,,11742,,14040,,11502,,6294,
2,3,0,Sun,3/13/2016,320,2202,,3438,,11100,,10632,,11334,,15000,,12942,,7038,
2,4,1,Sun,3/13/2016,380,1122,,372,,402,,696,,1158,,1470,,1644,,1416,
2,4,0,Sun,3/13/2016,380,1104,,528,,270,,468,,1020,,1488,,1326,,888,
2,5,1,Sun,3/13/2016,370,660,,192,,324,,1242,,1188,,1506,,1698,,1308,
2,5,0,Sun,3/13/2016,370,588,,216,,318,,1308,,1092,,1152,,1512,,1266,
3,5,1,Sun,3/13/2016,500,492,,168,,324,,1266,,1146,,1128,,1728,,1320,
3,5,0,Sun,3/13/2016,500,696,,150,,330,,1272,,1104,,1212,,1572,,1302,
4,5,1,Sun,3/13/2016,460,438,,186,,444,,1254,,1122,,1218,,1806,,1230,
4,5,0,Sun,3/13/2016,460,1506,,744,,750,,1092,,1932,,2334,,2598,,2388,
4,6,1,Sun,3/13/2016,430,1374,,792,,564,,768,,1716,,2040,,2130,,1548,
4,6,0,Sun,3/13/2016,430,858,,330,,480,,3552,,2100,,3210,,2940,,1572,
1,2,1,Sun,3/20/2016,300,768,,270,,534,,3774,,1848,,2004,,2658,,1638,
1,2,0,Sun,3/20/2016,300,918,,306,,510,,3738,,1884,,2316,,3102,,1656,
1,3,1,Sun,3/20/2016,350,924,,330,,522,,3732,,2274,,2028,,2712,,1698,
1,3,0,Sun,3/20/2016,350,1020,,378,,654,,3894,,2358,,2298,,3084,,1692,
1,4,1,Sun,3/20/2016,400,402,,414,,2850,,3786,,4614,,6864,,4002,,1638,
1,4,0,Sun,3/20/2016,400,858,,654,,2154,,3540,,3750,,4404,,3060,,2022,
1,6,1,Sun,3/20/2016,400,1134,,540,,864,,2118,,2844,,2946,,1806,,618,
1,6,0,Sun,3/20/2016,400,336,,318,,1242,,3306,,2262,,3726,,4506,,1230,
2,3,1,Sun,3/20/2016,320,390,,180,,1044,,3894,,2466,,3798,,3912,,1254,
2,3,0,Sun,3/20/2016,320,420,,96,,1356,,3378,,2412,,4200,,3984,,972,
2,4,1,Sun,3/20/2016,380,360,,228,,2028,,3468,,2790,,4596,,4806,,1440,
2,4,0,Sun,3/20/2016,380,378,,438,,5304,,3900,,3900,,5502,,3552,,1380,
2,5,1,Sun,3/20/2016,370,492,,432,,2010,,3324,,3690,,4056,,2886,,1344,
2,5,0,Sun,3/20/2016,370,756,,402,,942,,1740,,2172,,2730,,1614,,1104,
3,5,1,Sun,3/20/2016,500,378,,504,,5058,,3390,,3480,,5166,,3204,,1200,
3,5,0,Sun,3/20/2016,500,318,,528,,5118,,3546,,3510,,4836,,3342,,1080,
4,5,1,Sun,3/20/2016,460,324,,516,,5016,,3534,,3462,,4866,,3144,,1266,
4,5,0,Sun,3/20/2016,460,336,,462,,5214,,4008,,4002,,5196,,3510,,1626,
4,6,1,Sun,3/20/2016,430,1098,,912,,4734,,6546,,6906,,8814,,7344,,4362,
4,6,0,Sun,3/20/2016,430,1992,,1080,,2784,,7242,,8400,,7392,,5784,,3858,
1,2,1,Sun,3/27/2016,300,2166,,1074,,2160,,4662,,5718,,5934,,4110,,2976,
1,2,0,Sun,3/27/2016,300,1560,,798,,4806,,5412,,6354,,8058,,5484,,2748,
1,3,1,Sun,3/27/2016,350,894,,738,,4866,,4944,,5886,,8034,,5472,,3036,
1,3,0,Sun,3/27/2016,350,942,,792,,4746,,5406,,6396,,7782,,6000,,3006,
1,4,1,Sun,3/27/2016,400,948,,780,,4884,,5712,,6276,,8754,,7032,,3906,
1,4,0,Sun,3/27/2016,400,948,,1098,,5460,,5442,,6300,,6750,,6504,,3834,
1,6,1,Sun,3/27/2016,400,1782,,1002,,2628,,6618,,6666,,6522,,5586,,3570,
1,6,0,Sun,3/27/2016,400,1752,,1098,,2292,,4446,,4956,,5922,,3912,,2832,
2,3,1,Sun,3/27/2016,320,1548,,954,,5394,,5196,,5358,,6168,,5040,,2472,
2,3,0,Sun,3/27/2016,320,696,,864,,5646,,4938,,5034,,6402,,4704,,2676,
2,4,1,Sun,3/27/2016,380,810,,900,,5568,,5376,,5370,,6270,,5064,,2916,
2,4,0,Sun,3/27/2016,380,732,,876,,5928,,5250,,5238,,6174,,5622,,3600,
2,5,1,Sun,3/27/2016,370,360,,330,,1110,,2148,,2442,,2502,,2106,,1122,
2,5,0,Sun,3/27/2016,370,414,,354,,810,,1752,,2556,,2100,,1524,,486,
3,5,1,Sun,3/27/2016,500,246,,132,,828,,1500,,2106,,2076,,1800,,1044,
3,5,0,Sun,3/27/2016,500,300,,414,,1452,,1908,,1818,,2340,,1920,,996,
4,5,1,Sun,3/27/2016,460,270,,366,,1680,,1842,,1854,,2340,,1884,,1038,
4,5,0,Sun,3/27/2016,460,270,,486,,1764,,1800,,1758,,2346,,1926,,1170,
4,6,1,Sun,3/27/2016,430,20322,,12924,,51066,,67854,,79104,,82260,,74112,,53796,
4,6,0,Sun,3/27/2016,430,23250,,11610,,34326,,58362,,80112,,86598,,72138,,40302,
1,2,1,Sun,4/3/2016,300,11604,,20316,,76500,,75576,,74064,,94350,,74160,,39954,
1,2,0,Sun,4/3/2016,300,10932,,20514,,93354,,74784,,73926,,94038,,73650,,39846,
1,3,1,Sun,4/3/2016,350,11172,,19836,,70500,,70410,,73182,,93648,,75678,,44262,
1,3,0,Sun,4/3/2016,350,12174,,20454,,69408,,76482,,79158,,98202,,79344,,45486,
1,4,1,Sun,4/3/2016,400,522,,144,,678,,1686,,2184,,1908,,1338,,654,
1,4,0,Sun,4/3/2016,400,132,,90,,450,,1314,,1506,,2376,,2040,,1116,
1,6,1,Sun,4/3/2016,400,336,,288,,1620,,1434,,1650,,2460,,1890,,1038,
1,6,0,Sun,4/3/2016,400,330,,294,,1458,,1488,,1554,,2196,,2040,,1248,
2,3,1,Sun,4/3/2016,320,372,,300,,1638,,1638,,1896,,2472,,2184,,1314,
2,3,0,Sun,4/3/2016,320,25296,,15402,,40224,,61764,,76158,,82740,,68634,,51732,
2,4,1,Sun,4/3/2016,380,28548,,15762,,27456,,53982,,77628,,90168,,69486,,40986,
2,4,0,Sun,4/3/2016,380,13224,,12858,,61998,,67578,,69282,,105162,,85872,,45618,
2,5,1,Sun,4/3/2016,370,14274,,12882,,68490,,66294,,69882,,104064,,84690,,47112,
2,5,0,Sun,4/3/2016,370,15102,,12840,,62268,,64128,,67512,,101952,,87390,,51600,
3,5,1,Sun,4/3/2016,500,16212,,14154,,67440,,68592,,78054,,105492,,93312,,56814,
3,5,0,Sun,4/3/2016,500,408,,234,,1176,,1734,,1368,,2310,,2016,,1662,
4,5,1,Sun,4/3/2016,460,822,,540,,516,,1068,,1788,,2364,,2490,,1410,
4,5,0,Sun,4/3/2016,460,888,,636,,312,,762,,1290,,2310,,1830,,1164,
4,6,1,Sun,4/3/2016,430,456,,360,,918,,1380,,1524,,2028,,1620,,948,
4,6,0,Sun,4/3/2016,430,528,,246,,1068,,1620,,1362,,1968,,1374,,822,
